{"cameraMode":{"drawMode":0,"name":"Shaded","section":"Shading Mode"},"sceneLighting":true,"audioPlay":false,"sceneViewState":{"m_AlwaysRefresh":false,"showFog":true,"showSkybox":true,"showFlares":true,"showImageEffects":true,"showParticleSystems":true,"showVisualEffectGraphs":true,"m_FxEnabled":true},"in2DMode":false,"pivot":{"x":1.9461956024169922,"y":8.241145133972168,"z":58.30904006958008},"rotation":{"x":0.0041901422664523129,"y":0.0020971447229385378,"z":0.000008815404726192355,"w":-0.9999923706054688},"size":47.50529098510742,"orthographic":false}