{"cameraMode":{"drawMode":0,"name":"Shaded","section":"Shading Mode"},"sceneLighting":false,"audioPlay":false,"sceneViewState":{"m_AlwaysRefresh":false,"showFog":true,"showSkybox":false,"showFlares":true,"showImageEffects":true,"showParticleSystems":true,"showVisualEffectGraphs":true,"m_FxEnabled":true},"in2DMode":false,"pivot":{"x":0.11155414581298828,"y":2.6284942626953127,"z":-0.05313873291015625},"rotation":{"x":-0.02879960834980011,"y":-0.02039293944835663,"z":0.0005876896902918816,"w":-0.9993779063224793},"size":8.896698951721192,"orthographic":false}